                  epoch,         train/box_loss,         train/cls_loss,         train/dfl_loss,   metrics/precision(B),      metrics/recall(B),       metrics/mAP50(B),    metrics/mAP50-95(B),           val/box_loss,           val/cls_loss,           val/dfl_loss,                 lr/pg0,                 lr/pg1,                 lr/pg2
                      0,                 4.9617,                 8.4631,                  4.233,                0.00133,                    0.4,                0.00217,                0.00029,                      0,                    inf,                      0,                 0.0946,                 0.0006,                 0.0006
                      1,                 3.6827,                 5.7452,                 4.2329,                  0.001,                    0.3,                0.00137,                0.00025,                      0,                    inf,                      0,               0.088236,              0.0012356,              0.0012356
                      2,                 3.7361,                 5.0882,                 4.3214,                  0.002,                    0.6,                0.00242,                0.00049,                      0,                    inf,                      0,               0.081802,               0.001802,               0.001802
